[
    {
        "Date": "12/08/2016",
        "Users": [
            "U088882"
        ]
    },
    {
        "Date": "01/16/2017",
        "Users": [
            "U276013",
            "U227232",
            "U305054",
            "U300489",
            "U205635",
            "U229581",
            "U202691",
            "U101874",
            "U210957",
            "U194240",
            "U203960",
            "U332953",
            "U239991",
            "U161278",
            "U284098",
            "U313862",
            "U253520",
            "U339022",
            "U251206",
            "U120520",
            "U247295",
            "U217794",
            "U235034",
            "U206299",
            "U251471",
            "U078013",
            "U119744",
            "U199241",
            "U305164",
            "U293190",
            "U208812",
            "U299698",
            "U132058",
            "U225652",
            "U245478",
            "U009768",
            "U245012",
            "U092070",
            "U239863",
            "U205635"
        ]
    },
    {
        "Date" : "01/20/2017",
        "Users" : [
            "U214328",
            "U212117",
            "U102647",
            "U285685",
            "U313969",
            "U271614"
        ]
    },
    {
        "Date" : "01/25/2017",
        "Users" : [
            "U227104"
        ]
    },
    {
        "Date" : "02/16/2017",
        "Users" : [
            "U275793"
        ]
    },
    {
        "Date" : "02/23/2017",
        "Users" : [
            "U300759"
        ]
    }
]
